CarNumber,SURNAME
Y163O8161RUS,KELLY
E432XX77RUS,RICHARDSON
7184TT36RUS,CRUZ
X582HE161RUS,JONES
92918M178RUS,CARTER
H234YH197RUS,SCOTT
E40577152RUS,STEWART
707987163RUS,FOSTER
K330T8197RUS,HOWARD
X786CO96RUS,REED
C477M7161RUS,MURPHY
O21997197RUS,HALL
M592CH197RUS,MORRIS
9020YC197RUS,CARTER
8182XX154RUS,JAMES
7830C8197RUS,REYES
7066C8197RUS,LEE
M298CH161RUS,KIM
E445TC197RUS,CRUZ
8440XX154RUS,ADAMS
9371CE154RUS,GARCIA
9182CE154RUS,JACKSON
83298C154RUS,PETERSON
Y7659C197RUS,GOMEZ
C922YE197RUS,CRUZ
7364C8197RUS,FOSTER
M5039X197RUS,CARTER
8603T8154RUS,TURNER
92928M178RUS,GARCIA
O672E8197RUS,WATSON
E42277152RUS,SCOTT
C903MC161RUS,ALVAREZ
T7318T163RUS,KING
Y7719C197RUS,GONZALEZ
T011MY163RUS,CHAVEZ
H115YO163RUS,THOMAS
73467Y96RUS,MILLER
O134HE197RUS,JAMES
H968HY161RUS,PRICE
Y654E8750RUS,LEWIS
H963HY161RUS,MARTINEZ
H232YH197RUS,WATSON
7843C8197RUS,SMITH
X791O796RUS,GARCIA
H958HY161RUS,COOPER
708587163RUS,EDWARDS
Y973O8197RUS,JIMENEZ
97977H178RUS,JONES
H917TC36RUS,KIM
Y7709C197RUS,WALKER
8513XX154RUS,WALKER
T870X7163RUS,KIM
8818C877RUS,SANCHEZ
T395OT197RUS,ALLEN
K327T8197RUS,PRICE
8311XX154RUS,ALLEN
X423MK197RUS,MURPHY
96429X178RUS,SANCHEZ
O275O7161RUS,RICHARDSON
7789KT197RUS,TURNER
E28877161RUS,GUTIERREZ
T6068M116RUS,BAILEY
9498KX178RUS,KING
99209X178RUS,RODRIGUEZ
T6449O50RUS,COLLINS
9683EC178RUS,GOMEZ
Y353O8197RUS,PATEL
O719MM163RUS,HARRIS
E535MM199RUS,SANCHEZ
Y352O8197RUS,COOK
7788KT197RUS,SANCHEZ
E807HE77RUS,CASTILLO
M516CH161RUS,WARD
89587X197RUS,MITCHELL
7781KT197RUS,FLORES
E645TH36RUS,GARCIA
Y302E877RUS,BAKER
M058XE36RUS,JACKSON
8166XX154RUS,FLORES
M589CH197RUS,LONG
9408H7178RUS,JONES
H387TM197RUS,WRIGHT
8049HT125RUS,GOMEZ
9698MO178RUS,LONG
8685HE154RUS,EDWARDS
7177TT36RUS,TAYLOR
O77997197RUS,JIMENEZ
Y234E877RUS,JOHNSON
97987H178RUS,PHILLIPS
X257HE161RUS,JOHNSON
T399KX197RUS,RAMIREZ
H957HY161RUS,KING
K379HY161RUS,ALLEN
T654HT96RUS,YOUNG
8439XX154RUS,GUTIERREZ
Y965EE197RUS,GRAY
X758HY197RUS,HOWARD
M0279X197RUS,SANDERS
H224X836RUS,HUGHES
E6849O154RUS,BROOKS
O83797197RUS,ORTIZ
9402KK197RUS,JOHNSON
7368C8197RUS,ROGERS
H427YH197RUS,RICHARDSON
9583EY178RUS,KING
Y038E877RUS,ROBERTS
9822H8161RUS,KING
7826C8197RUS,LOPEZ
E160YX77RUS,LOPEZ
82337X197RUS,COX
X757HY197RUS,PARKER
X765HY197RUS,TORRES
934497178RUS,GRAY
K2807K154RUS,BROOKS
T8008Y125RUS,KELLY
Y960EE197RUS,ROBINSON
7840C8197RUS,BROWN
K846YE77RUS,PATEL
7827C8197RUS,HILL
Y655E8750RUS,CAMPBELL
H003MH197RUS,CASTILLO
Y7699C197RUS,HARRIS
Y8399C197RUS,ROGERS
9135X938RUS,ADAMS
H385TM197RUS,JOHNSON
9428EX178RUS,CASTILLO
H837YK197RUS,WATSON
O83597197RUS,MORRIS
E42577152RUS,SANCHEZ
E53277152RUS,SCOTT
C476M7161RUS,HERNANDEZ
9943KK197RUS,KELLY
8165XX154RUS,MORGAN
T476KX197RUS,LEWIS
C422X938RUS,TAYLOR
K328T8197RUS,WRIGHT
9466EX178RUS,ADAMS
X256HE161RUS,SMITH
Y275O8197RUS,CRUZ
H217X836RUS,WALKER
Y316E877RUS,WARD
8601XX154RUS,JOHNSON
M741T9152RUS,WARD
9883HX152RUS,ROGERS
Y6829Y50RUS,TORRES
H004MH197RUS,MORRIS
704987163RUS,TURNER
E316EH197RUS,SMITH
O22297197RUS,BROWN
O02597197RUS,DAVIS
X015HY197RUS,ALLEN
T769OT197RUS,RUIZ
Y778EE197RUS,TURNER
7829C8197RUS,JIMENEZ
T272HH163RUS,PATEL
T018OX197RUS,HERNANDEZ
Y255E877RUS,SANDERS
9697MO178RUS,WHITE
T686EO197RUS,BAKER
C590EY154RUS,FLORES
T941CC96RUS,PATEL
O22397197RUS,GONZALEZ
X242EC197RUS,SCOTT
T020OX197RUS,FOSTER
E33577152RUS,CHAVEZ
E773EH197RUS,PRICE
T6428M116RUS,YOUNG
Y7129Y50RUS,CARTER
Y418EX197RUS,RICHARDSON
Y7689C197RUS,HUGHES
E52877152RUS,JACKSON
7369C8197RUS,ANDERSON
Y166O8161RUS,BROWN
705287163RUS,CLARK
K559KC161RUS,HALL
M0299X197RUS,GONZALEZ
84418C154RUS,ROGERS
E53488152RUS,COOPER
90159H178RUS,DIAZ
C798ET50RUS,HOWARD
Y193O8161RUS,ROBERTS
7248C8197RUS,BROWN
K357YE77RUS,THOMPSON
E0697X152RUS,GARCIA
E40877152RUS,LOPEZ
Y351O8197RUS,MARTIN
Y356O8197RUS,JIMENEZ
O6939X163RUS,FOSTER
Y7649C197RUS,FLORES
9935TE152RUS,LOPEZ
704687163RUS,SMITH
7197TT36RUS,COOPER
O143HO197RUS,BAKER
K436MO152RUS,ROGERS
9938OH154RUS,PRICE
E34877152RUS,BENNETT
E5878M777RUS,WATSON
7844C8197RUS,WILSON
C584EY154RUS,RICHARDSON
E28977161RUS,NELSON
T016OX197RUS,WHITE
H889YK197RUS,WILLIAMS
7363C8197RUS,RICHARDSON
T6039O50RUS,RAMOS
7365C8197RUS,LEWIS
Y967O8197RUS,ROBERTS
E816HE77RUS,WOOD
T6329O50RUS,CHAVEZ
X504X8197RUS,MENDOZA
M581CH197RUS,PRICE
X523OM161RUS,WATSON
C412X938RUS,WARD
7831C8197RUS,DAVIS
8164XX154RUS,ROSS
T6419O50RUS,RIVERA
E822TH36RUS,HERNANDEZ
8437XX154RUS,YOUNG
C515X938RUS,THOMPSON
7172TT36RUS,COOK
8436XX154RUS,MOORE
E79988152RUS,JOHNSON
8180XX154RUS,COOPER
84438C154RUS,DIAZ
T6309O50RUS,GRAY
T6129O50RUS,PEREZ
K339T8197RUS,HOWARD
X782CO96RUS,LOPEZ
E591HE77RUS,THOMAS
9499KX178RUS,COX
Y357O8197RUS,JIMENEZ
Y652O8197RUS,WOOD
X767HY197RUS,FLORES
H220X836RUS,KELLY
H218X836RUS,ALLEN
T913CT197RUS,JACKSON
T6439O50RUS,ORTIZ
7784KT197RUS,ORTIZ
X286TC36RUS,KELLY
O752MX161RUS,MORALES
Y7449Y50RUS,SANCHEZ
92828M178RUS,DIAZ
Y650E8750RUS,CRUZ
8321XX154RUS,CAMPBELL
8316XX154RUS,CLARK
T017OX197RUS,GUTIERREZ
H977HY161RUS,JOHNSON
X522OM161RUS,RUIZ
O085E8197RUS,RAMOS
705387163RUS,BENNETT
O017KO197RUS,WALKER
X4138H125RUS,RAMOS
8441XX154RUS,DIAZ
M0269X197RUS,HILL
T483CT96RUS,KING
T940CC96RUS,FOSTER
C58078163RUS,RAMOS
O02397197RUS,GARCIA
8611T8154RUS,JOHNSON
704787163RUS,CRUZ
C313MM99RUS,BAILEY
X763HY197RUS,FOSTER
M386M9197RUS,COX
8605T8154RUS,LEE
7147OE161RUS,COX
7361C8197RUS,CASTILLO
Y359EY197RUS,BROWN
T6559O50RUS,CRUZ
9469EX178RUS,GREEN
Y6839Y50RUS,COOK
H237YH197RUS,RICHARDSON
T948OM96RUS,NGUYEN
T395KX197RUS,DIAZ
M301CH161RUS,STEWART
9496KX178RUS,BROWN
T6319O50RUS,LEWIS
H305T8197RUS,KELLY
8201XX154RUS,MITCHELL
O64297197RUS,MOORE
9523M8178RUS,HALL
Y273O8197RUS,PETERSON
T6229O50RUS,JOHNSON
X023HY197RUS,ROBERTS
8226XX154RUS,WALKER
Y038TO197RUS,HILL
M0289X197RUS,WOOD
E811HE77RUS,CAMPBELL
X795O796RUS,GRAY
O39997197RUS,ROSS
97968K152RUS,ROBERTS
H219X836RUS,THOMPSON
T6169O50RUS,KIM
94178K154RUS,MENDOZA
9467EX178RUS,TURNER
O78097197RUS,BAILEY
X5707X161RUS,HALL
Y232E877RUS,JACKSON
Y388E877RUS,STEWART
X255HE161RUS,EDWARDS
E552MO152RUS,ROBINSON
97998K152RUS,MYERS
Y963O8197RUS,CLARK
T477KX197RUS,PEREZ
T2639T116RUS,COLLINS
O49797197RUS,WHITE
O68897197RUS,TURNER
72457Y96RUS,WRIGHT
7064C8197RUS,MARTIN
E948C8152RUS,KIM
C514X938RUS,COOPER
C589EY154RUS,MENDOZA
K899T8197RUS,GARCIA
T6418M116RUS,WATSON
8607XX154RUS,KING
92778M178RUS,ALLEN
T288CT96RUS,ALVAREZ
9886HX152RUS,THOMAS
C583EY154RUS,ROBERTS
C592EY154RUS,FOSTER
T6459O50RUS,DIAZ
X759HY197RUS,RAMIREZ
705787163RUS,SCOTT
92898M178RUS,SANDERS
9671EC178RUS,SCOTT
M302CH161RUS,JONES
M578CH197RUS,HERNANDEZ
Y207O8161RUS,HARRIS
96659X178RUS,HARRIS
T912CT197RUS,MURPHY
7183TT36RUS,CRUZ
89557X197RUS,COX
Y359O8197RUS,WILLIAMS
K2817K154RUS,MILLER
Y964O8197RUS,TURNER
H967HY161RUS,RUIZ
E394MO152RUS,MURPHY
O50699163RUS,BROOKS
9463EX178RUS,PRICE
E53677152RUS,CASTILLO
K338T8197RUS,HALL
Y4298M777RUS,MORGAN
Y687HM197RUS,THOMPSON
98037H178RUS,DAVIS
7828C8197RUS,NELSON
H980HY161RUS,YOUNG
H906YK197RUS,PATEL
7199MT197RUS,ANDERSON
X908XC197RUS,CARTER
T171CC96RUS,RIVERA
X4108H125RUS,DAVIS
Y966O8197RUS,PATEL
K2797K154RUS,RUIZ
7089H8163RUS,SANDERS
7841C8197RUS,HUGHES
9940KK197RUS,WATSON
H971HY161RUS,JACKSON
H844YH197RUS,GONZALEZ
E33477152RUS,HARRIS
Y156E877RUS,CLARK
E396MO152RUS,ORTIZ
Y969O8197RUS,CARTER
9028CO161RUS,ROBINSON
T6249O50RUS,KELLY
E42377152RUS,HERNANDEZ
9941KK197RUS,JOHNSON
M372CH197RUS,MOORE
K040CC197RUS,REYES
E41577152RUS,CASTILLO
9763HY161RUS,HUGHES
T535ET96RUS,HILL
H961HY161RUS,ROBINSON
M2169X197RUS,ALLEN
8234XX154RUS,MORALES
O83697197RUS,DAVIS
E52677152RUS,ROBERTS
8451M7154RUS,SMITH
9589EY178RUS,HUGHES
H907YK197RUS,STEWART
O39897197RUS,GRAY
M3879X197RUS,REED
C299K9154RUS,TORRES
9468EX178RUS,HOWARD
M375CH197RUS,KIM
H982HY161RUS,YOUNG
8224XX154RUS,ROBINSON
Y653E8750RUS,CLARK
K558KC161RUS,LOPEZ
O058M7161RUS,ROBINSON
M256OH161RUS,COOPER
T242H8197RUS,REYES
K27188138RUS,MILLER
96629X178RUS,MURPHY
9881HX152RUS,JIMENEZ
T479KX197RUS,WHITE
M680T9152RUS,MITCHELL
C410X938RUS,GOMEZ
X762HY197RUS,FLORES
9470EX178RUS,THOMAS
X4128H125RUS,HERNANDEZ
9762HY161RUS,JAMES
H419XE197RUS,REED
98017H178RUS,SANDERS
Y780EE197RUS,JACKSON
M580CH197RUS,GARCIA
9943OH154RUS,PARKER
Y354O8197RUS,CHAVEZ
7065C8197RUS,RODRIGUEZ
E28777161RUS,WARD
M701T9152RUS,WOOD
E577HE77RUS,SMITH
92788M178RUS,JIMENEZ
9072EM178RUS,DAVIS
9409H7178RUS,CLARK
C3829X154RUS,PRICE
T478KX197RUS,HALL
T119CT96RUS,WATSON
708487163RUS,ALLEN
H983HY161RUS,BENNETT
7842C8197RUS,COOK
O64097197RUS,KING
Y693HM197RUS,JAMES
96857X197RUS,JAMES
T394KX197RUS,WILLIAMS
O49897197RUS,WARD
H963X936RUS,RICHARDSON
T341CC96RUS,ROGERS
9942KK197RUS,THOMPSON
9141H8178RUS,BROWN
7370C8197RUS,MITCHELL
9890HX152RUS,SMITH
M268CH197RUS,LONG
C419X938RUS,MENDOZA
M0319X197RUS,HARRIS
M577CH197RUS,MORGAN
H975HY161RUS,COOPER
X018HY197RUS,WALKER
E33177152RUS,BENNETT
9491H7178RUS,PHILLIPS
M374CH197RUS,COOPER
96679X178RUS,COOK
9594HY161RUS,MILLER
83218C154RUS,MITCHELL
9764HY161RUS,MORALES
708187163RUS,WILSON
H908YK197RUS,CLARK
Y656E8750RUS,WARD
9679EC178RUS,MARTINEZ
C803KE163RUS,JAMES
Y7379Y50RUS,MITCHELL
X320MK197RUS,WILLIAMS
96907X197RUS,THOMAS
H235YH197RUS,PHILLIPS
9474EX178RUS,BAKER
Y8259C197RUS,BROOKS
E29577161RUS,ADAMS
X761HY197RUS,RIVERA
T396KX197RUS,HOWARD
C593EY154RUS,THOMAS
Y164O8161RUS,KELLY
M942OT152RUS,WILLIAMS
Y7429Y50RUS,TORRES
H976HY161RUS,GREEN
Y195O8161RUS,BROWN
O669E8197RUS,HARRIS
Y187O8161RUS,THOMAS
K329T8197RUS,HARRIS
9677MO178RUS,ALVAREZ
9939KK197RUS,CARTER
M373CH197RUS,BENNETT
7164YM36RUS,PEREZ
O753MX161RUS,COLLINS
T6488M116RUS,GOMEZ
98047H178RUS,MARTINEZ
9488EY178RUS,GARCIA
O481OH77RUS,THOMPSON
K326T8197RUS,ROBINSON
X796TH96RUS,SANDERS
Y358O8197RUS,KIM
C420X938RUS,HERNANDEZ
Y965O8197RUS,GUTIERREZ
Y274O8197RUS,JONES
E223YM197RUS,FOSTER
Y964EE197RUS,SANCHEZ
T6049O50RUS,MILLER
H259HY161RUS,STEWART
Y344E877RUS,JIMENEZ
K889HY161RUS,GREEN
H214X836RUS,WALKER
O421OT161RUS,WILSON
7360C8197RUS,CARTER
Y194O8161RUS,RAMOS
T6359O50RUS,MITCHELL
E29677161RUS,CAMPBELL
T020MM116RUS,REYES
9502XX38RUS,MENDOZA
8521XX154RUS,BAILEY
K376HE161RUS,SANDERS
7193TT36RUS,PETERSON
O785T9163RUS,COLLINS
H618YC38RUS,SANCHEZ
9068EM178RUS,RUIZ
7783KT197RUS,CHAVEZ
Y305E877RUS,DAVIS
E881OT197RUS,YOUNG
O718MM163RUS,ROBINSON
9975CC77RUS,COOPER
T195OK161RUS,CAMPBELL
T914CT197RUS,KING
E41977152RUS,GARCIA
9464EX178RUS,ROBERTS
O50197197RUS,FOSTER
7608EE777RUS,WRIGHT
9840R7289RUS,POPOV
8492Y3764RUS,MARE
3846X3790RUS,LULU
